model,tokens_per_second,gpu
llama-7b-hf,46.8962053,H100
llama-13b-hf,39.19574157,H100
llama-30b-hf,18.82804631,H100
llama-7b-hf,42.74881083,H100
llama-13b-hf,35.23939977,H100
llama-30b-hf,19.8320925,H100
llama-7b-hf,50.59125485,H100
llama-13b-hf,39.52592108,H100
llama-30b-hf,19.90789271,H100
llama-7b-hf,50.28049584,H100
llama-13b-hf,39.58789577,H100
llama-30b-hf,19.89543287,H100
llama-7b-hf,41.29518191,H100
llama-13b-hf,37.25480607,H100
llama-30b-hf,19.91445444,H100
gpt2,100.394848,H100
gpt2-medium,87.88753787,H100
gpt2-large,58.241876,H100
gpt2-xl,45.66835979,H100
dolly-v2-3b,44.48797248,H100
dolly-v2-7b,29.83841459,H100
dolly-v2-12b,24.23590232,H100
llama-7b-hf,34.7744397,H100
llama-13b-hf,39.17434532,H100
dolly-v2-3b,30.10841653,H100
gpt2,186.3989815,RTX3090
gpt2-medium,143.7465257,RTX3090
gpt2-large,98.00552326,RTX3090
gpt2-xl,76.46740366,RTX3090
dolly-v2-3b,22.66684162,RTX3090
dolly-v2-7b,17.11990466,RTX3090
dolly-v2-12b,16.24290832,RTX3090
llama-7b-hf,18.50897347,RTX3090
llama-13b-hf,14.34460207,RTX3090
alpaca-lora-7b,18.08493146,RTX3090
alpaca-13b,13.65226093,RTX3090
text-curie-001,79.72082175,RTX3090
text-babbage-001,120.8212969,RTX3090
text-ada-001,110.1044123,RTX3090
text-davinci-002,45.44169238,RTX3090
text-davinci-003,12.33509037,RTX3090
gpt-3.5-turbo,8.384363023,RTX3090
gpt-4,5.633699391,RTX3090
gpt2,262.017565,RTX3090
gpt2-medium,143.2768406,RTX3090
gpt2-large,99.5420866,RTX3090
gpt2-xl,75.29890335,RTX3090
dolly-v2-3b,23.00935778,RTX3090
dolly-v2-7b,18.34622266,RTX3090
dolly-v2-12b,17.23075961,RTX3090
llama-7b-hf,18.61779661,RTX3090
llama-13b-hf,14.08574553,RTX3090
alpaca-lora-7b,18.6431761,RTX3090
alpaca-13b,15.79546899,RTX3090
text-curie-001,31.85060175,RTX3090
text-babbage-001,129.486608,RTX3090
text-ada-001,154.1752824,RTX3090
text-davinci-002,43.72855242,RTX3090
text-davinci-003,15.61747681,RTX3090
gpt-3.5-turbo,7.986714266,RTX3090
gpt-4,4.401530078,RTX3090
gpt2,259.722748,RTX3090
gpt2-medium,143.0686761,RTX3090
gpt2-large,98.60985893,RTX3090
gpt2-xl,74.04208629,RTX3090
dolly-v2-3b,21.30357058,RTX3090
dolly-v2-7b,18.47891233,RTX3090
dolly-v2-12b,17.92410708,RTX3090
llama-7b-hf,18.18395195,RTX3090
llama-13b-hf,13.51818887,RTX3090
alpaca-lora-7b,19.07393182,RTX3090
alpaca-13b,15.2746652,RTX3090
text-curie-001,14.09870947,RTX3090
text-babbage-001,134.5053902,RTX3090
text-ada-001,142.5142154,RTX3090
text-davinci-002,58.27847003,RTX3090
text-davinci-003,14.63380639,RTX3090
gpt-3.5-turbo,8.215587723,RTX3090
gpt-4,5.623811423,RTX3090
gpt2,262.9817568,RTX3090
gpt2-medium,142.4702599,RTX3090
gpt2-large,98.90740444,RTX3090
gpt2-xl,75.05885771,RTX3090
dolly-v2-3b,22.70779489,RTX3090
dolly-v2-7b,18.3935663,RTX3090
dolly-v2-12b,17.35044053,RTX3090
llama-7b-hf,18.72475796,RTX3090
llama-13b-hf,14.29920766,RTX3090
alpaca-lora-7b,18.84975578,RTX3090
alpaca-13b,17.79701915,RTX3090
text-curie-001,101.851914,RTX3090
text-babbage-001,117.6671848,RTX3090
text-ada-001,59.37643688,RTX3090
text-davinci-002,48.21483734,RTX3090
text-davinci-003,13.6838497,RTX3090
gpt-3.5-turbo,7.195566602,RTX3090
gpt-4,5.483453496,RTX3090
gpt2,256.866402,RTX3090
gpt2-medium,146.1143138,RTX3090
gpt2-large,98.99044144,RTX3090
gpt2-xl,73.05927785,RTX3090
dolly-v2-3b,25.44664777,RTX3090
dolly-v2-7b,18.33862835,RTX3090
dolly-v2-12b,17.21039319,RTX3090
llama-7b-hf,16.68868526,RTX3090
llama-13b-hf,14.54694524,RTX3090
alpaca-lora-7b,17.795193,RTX3090
alpaca-13b,20.65252714,RTX3090
text-curie-001,85.56313671,RTX3090
text-babbage-001,131.7712246,RTX3090
text-ada-001,139.2108057,RTX3090
text-davinci-002,54.62257934,RTX3090
text-davinci-003,15.00381214,RTX3090
gpt-3.5-turbo,6.884751221,RTX3090
gpt-4,4.700153468,RTX3090
gpt2,260.3398625,RTX3090
gpt2-medium,142.3517846,RTX3090
gpt2-large,98.21246232,RTX3090
gpt2-xl,74.34716454,RTX3090
dolly-v2-3b,22.3552954,RTX3090
dolly-v2-7b,18.62509481,RTX3090
dolly-v2-12b,17.14665495,RTX3090
llama-7b-hf,18.20754196,RTX3090
llama-13b-hf,14.24053253,RTX3090
alpaca-lora-7b,18.80211787,RTX3090
alpaca-13b,16.19878597,RTX3090
text-curie-001,92.22188438,RTX3090
text-babbage-001,136.248418,RTX3090
text-ada-001,122.162187,RTX3090
text-davinci-002,59.39001479,RTX3090
text-davinci-003,15.80456602,RTX3090
gpt-3.5-turbo,7.055569381,RTX3090
gpt-4,5.28529334,RTX3090
gpt2,258.4851664,RTX3090
gpt2-medium,141.7387446,RTX3090
gpt2-large,96.34848996,RTX3090
gpt2-xl,73.78662632,RTX3090
dolly-v2-3b,21.5961244,RTX3090
dolly-v2-7b,18.52763614,RTX3090
dolly-v2-12b,17.2042516,RTX3090
llama-7b-hf,15.81801066,RTX3090
llama-13b-hf,14.5449019,RTX3090
alpaca-lora-7b,18.66106145,RTX3090
alpaca-13b,15.13492291,RTX3090
text-curie-001,16.36229093,RTX3090
text-babbage-001,135.776981,RTX3090
text-ada-001,119.196186,RTX3090
text-davinci-002,45.55445181,RTX3090
text-davinci-003,14.50952321,RTX3090
gpt-3.5-turbo,7.608207939,RTX3090
gpt-4,4.547587121,RTX3090
gpt2,258.1979244,RTX3090
gpt2-medium,387.2943199,RTX3090
gpt2-large,99.43518293,RTX3090
gpt2-xl,66.36810367,RTX3090
dolly-v2-3b,20.56466999,RTX3090
dolly-v2-7b,18.3661971,RTX3090
dolly-v2-12b,17.23462082,RTX3090
llama-7b-hf,18.23909422,RTX3090
llama-13b-hf,14.22857941,RTX3090
alpaca-lora-7b,18.57324679,RTX3090
alpaca-13b,16.9760512,RTX3090
text-curie-001,16.17161805,RTX3090
text-babbage-001,148.5459826,RTX3090
text-ada-001,1.394451789,RTX3090
text-davinci-002,49.36812569,RTX3090
text-davinci-003,13.60963815,RTX3090
gpt-3.5-turbo,7.157321486,RTX3090
gpt-4,5.406116814,RTX3090
gpt2,258.7504728,RTX3090
gpt2-medium,141.2730282,RTX3090
gpt2-large,96.77497358,RTX3090
gpt2-xl,73.42851935,RTX3090
dolly-v2-3b,22.37473839,RTX3090
dolly-v2-7b,18.49701435,RTX3090
dolly-v2-12b,17.20679631,RTX3090
llama-7b-hf,18.64532498,RTX3090
llama-13b-hf,14.43752311,RTX3090
alpaca-lora-7b,18.58792462,RTX3090
alpaca-13b,17.92182176,RTX3090
text-curie-001,8.579968637,RTX3090
text-babbage-001,135.7596682,RTX3090
text-ada-001,127.2586804,RTX3090
text-davinci-002,64.54395794,RTX3090
text-davinci-003,12.30352429,RTX3090
gpt-3.5-turbo,7.051466781,RTX3090
gpt-4,4.149120118,RTX3090
gpt2,260.2856046,RTX3090
gpt2-medium,143.3618197,RTX3090
gpt2-large,97.59324527,RTX3090
gpt2-xl,74.8754484,RTX3090
dolly-v2-3b,21.219387,RTX3090
dolly-v2-7b,18.43922741,RTX3090
dolly-v2-12b,17.29053963,RTX3090
llama-7b-hf,18.16666729,RTX3090
llama-13b-hf,14.11192709,RTX3090
alpaca-lora-7b,18.55260548,RTX3090
alpaca-13b,16.966002,RTX3090
text-curie-001,85.13116194,RTX3090
text-babbage-001,126.5076182,RTX3090
text-ada-001,129.7347204,RTX3090
text-davinci-002,37.79293727,RTX3090
text-davinci-003,14.68525814,RTX3090
gpt-3.5-turbo,7.585604141,RTX3090
gpt-4,5.218913904,RTX3090
gpt2,264.2882763,RTX3090
gpt2-medium,149.3159627,RTX3090
gpt2-large,97.57228528,RTX3090
gpt2-xl,73.81447416,RTX3090
dolly-v2-3b,21.30649778,RTX3090
dolly-v2-7b,18.29487017,RTX3090
dolly-v2-12b,17.21352962,RTX3090
llama-7b-hf,18.95185003,RTX3090
llama-13b-hf,14.29809333,RTX3090
alpaca-lora-7b,18.92174484,RTX3090
alpaca-13b,16.94620175,RTX3090
text-curie-001,30.15344599,RTX3090
text-babbage-001,122.8069424,RTX3090
text-ada-001,117.4493093,RTX3090
text-davinci-002,48.94263813,RTX3090
text-davinci-003,11.02166885,RTX3090
gpt-3.5-turbo,6.956770756,RTX3090
gpt-4,5.024056181,RTX3090
gpt2,260.5577371,RTX3090
gpt2-medium,144.1309602,RTX3090
gpt2-large,96.04086994,RTX3090
gpt2-xl,74.48033781,RTX3090
dolly-v2-3b,22.50382628,RTX3090
dolly-v2-7b,18.55303913,RTX3090
dolly-v2-12b,17.22260101,RTX3090
llama-7b-hf,18.13046812,RTX3090
llama-13b-hf,14.05308084,RTX3090
alpaca-lora-7b,18.43506323,RTX3090
alpaca-13b,16.81480629,RTX3090
text-curie-001,82.77095987,RTX3090
text-babbage-001,100.8133583,RTX3090
text-ada-001,134.1308703,RTX3090
text-davinci-002,50.75069618,RTX3090
text-davinci-003,9.211390181,RTX3090
gpt-3.5-turbo,7.863327744,RTX3090
gpt-4,4.734280422,RTX3090
gpt2,259.4741748,RTX3090
gpt2-medium,143.5857853,RTX3090
gpt2-large,98.84335129,RTX3090
gpt2-xl,74.18119351,RTX3090
dolly-v2-3b,22.49526571,RTX3090
dolly-v2-7b,18.37720424,RTX3090
dolly-v2-12b,17.13393475,RTX3090
llama-7b-hf,18.52640826,RTX3090
llama-13b-hf,14.22300108,RTX3090
alpaca-lora-7b,18.40604784,RTX3090
alpaca-13b,16.35916414,RTX3090
text-curie-001,81.66469324,RTX3090
text-babbage-001,136.4425776,RTX3090
text-ada-001,128.724409,RTX3090
text-davinci-002,39.47345876,RTX3090
text-davinci-003,11.30612649,RTX3090
gpt-3.5-turbo,6.806902901,RTX3090
gpt-4,4.120526693,RTX3090
gpt2,258.7669211,RTX3090
gpt2-medium,143.5334911,RTX3090
gpt2-large,97.9093671,RTX3090
gpt2-xl,75.72454573,RTX3090
dolly-v2-3b,22.39920136,RTX3090
dolly-v2-7b,18.63002141,RTX3090
dolly-v2-12b,17.26278621,RTX3090
llama-7b-hf,17.10155807,RTX3090
llama-13b-hf,14.06819064,RTX3090
alpaca-lora-7b,18.1326634,RTX3090
alpaca-13b,23.48466216,RTX3090
text-curie-001,13.6028475,RTX3090
text-babbage-001,138.2609584,RTX3090
text-ada-001,125.8282212,RTX3090
text-davinci-002,44.35293528,RTX3090
text-davinci-003,13.52038415,RTX3090
gpt-3.5-turbo,7.334015449,RTX3090
gpt-4,4.889894799,RTX3090
gpt2,261.0965858,RTX3090
gpt2-medium,142.301319,RTX3090
gpt2-large,97.40241533,RTX3090
gpt2-xl,78.00498971,RTX3090
dolly-v2-3b,22.06362211,RTX3090
dolly-v2-7b,18.57719255,RTX3090
dolly-v2-12b,17.95751089,RTX3090
llama-7b-hf,17.76523349,RTX3090
llama-13b-hf,14.49688009,RTX3090
alpaca-lora-7b,18.86168589,RTX3090
alpaca-13b,15.70206294,RTX3090
text-curie-001,14.75384569,RTX3090
text-babbage-001,104.8053202,RTX3090
text-ada-001,135.2182363,RTX3090
text-davinci-002,53.08155046,RTX3090
text-davinci-003,13.92759539,RTX3090
gpt-3.5-turbo,7.096221081,RTX3090
gpt-4,4.812650579,RTX3090
gpt2,259.4276418,RTX3090
gpt2-medium,144.2024875,RTX3090
gpt2-large,97.70869424,RTX3090
gpt2-xl,74.72383324,RTX3090
dolly-v2-3b,22.51161298,RTX3090
dolly-v2-7b,18.56746397,RTX3090
dolly-v2-12b,17.38808419,RTX3090
llama-7b-hf,19.37034758,RTX3090
llama-13b-hf,14.0361672,RTX3090
alpaca-lora-7b,18.40056534,RTX3090
alpaca-13b,15.00019609,RTX3090
text-curie-001,17.5294146,RTX3090
text-babbage-001,110.7409655,RTX3090
text-ada-001,134.2754665,RTX3090
text-davinci-002,57.19219494,RTX3090
text-davinci-003,11.00594673,RTX3090
gpt-3.5-turbo,7.034610477,RTX3090
gpt-4,4.901080286,RTX3090
gpt2,258.1176079,RTX3090
gpt2-medium,144.3691678,RTX3090
gpt2-large,96.61777828,RTX3090
gpt2-xl,73.89954262,RTX3090
dolly-v2-3b,22.13157544,RTX3090
dolly-v2-7b,18.47326779,RTX3090
dolly-v2-12b,17.31496016,RTX3090
llama-7b-hf,18.51309107,RTX3090
llama-13b-hf,14.17919706,RTX3090
alpaca-lora-7b,18.42205707,RTX3090
alpaca-13b,16.5680296,RTX3090
text-curie-001,20.16710509,RTX3090
text-babbage-001,115.5994619,RTX3090
text-ada-001,122.740199,RTX3090
text-davinci-002,66.01386517,RTX3090
text-davinci-003,13.20652244,RTX3090
gpt-3.5-turbo,6.179284755,RTX3090
gpt-4,4.683263211,RTX3090
gpt2,262.4237863,RTX3090
gpt2-medium,143.281563,RTX3090
gpt2-large,97.43688443,RTX3090
gpt2-xl,74.76571686,RTX3090
dolly-v2-3b,22.39273162,RTX3090
dolly-v2-7b,18.33062631,RTX3090
dolly-v2-12b,17.27844458,RTX3090
llama-7b-hf,18.75556321,RTX3090
llama-13b-hf,14.38365212,RTX3090
alpaca-lora-7b,18.45651464,RTX3090
alpaca-13b,15.8437368,RTX3090
text-curie-001,88.58528281,RTX3090
text-babbage-001,113.9073659,RTX3090
text-ada-001,128.6501123,RTX3090
text-davinci-002,57.09817654,RTX3090
text-davinci-003,8.276408831,RTX3090
gpt-3.5-turbo,7.302364584,RTX3090
gpt-4,4.390971664,RTX3090
gpt2,263.4512062,RTX3090
gpt2-medium,144.3638882,RTX3090
gpt2-large,99.07578811,RTX3090
gpt2-xl,73.77597969,RTX3090
dolly-v2-3b,22.67678876,RTX3090
dolly-v2-7b,18.47571035,RTX3090
dolly-v2-12b,17.35649099,RTX3090
llama-7b-hf,18.38683242,RTX3090
llama-13b-hf,14.29444167,RTX3090
alpaca-lora-7b,18.7944019,RTX3090
alpaca-13b,15.75487255,RTX3090
text-curie-001,13.83179103,RTX3090
text-babbage-001,125.370351,RTX3090
text-ada-001,133.2432267,RTX3090
text-davinci-002,56.75801781,RTX3090
text-davinci-003,10.41372141,RTX3090
gpt-3.5-turbo,6.916002095,RTX3090
gpt-4,4.691568137,RTX3090
gpt2,259.7087392,RTX3090
gpt2-medium,143.4246828,RTX3090
gpt2-large,100.8479816,RTX3090
gpt2-xl,74.64833408,RTX3090
dolly-v2-3b,22.22557235,RTX3090
dolly-v2-7b,18.38372074,RTX3090
dolly-v2-12b,17.38220254,RTX3090
llama-7b-hf,18.29098577,RTX3090
llama-13b-hf,14.24672656,RTX3090
alpaca-lora-7b,18.53864717,RTX3090
alpaca-13b,17.02970611,RTX3090
text-curie-001,89.7216434,RTX3090
text-babbage-001,132.144797,RTX3090
text-ada-001,134.7124581,RTX3090
text-davinci-002,56.23317513,RTX3090
text-davinci-003,9.966897761,RTX3090
gpt-3.5-turbo,7.135865708,RTX3090
gpt-4,4.493377736,RTX3090
gpt2,106.081374,A10
gpt2-medium,59.66321292,A10
gpt2-large,43.17415189,A10
gpt2-xl,30.67393612,A10
dolly-v2-3b,10.61076541,A10
dolly-v2-7b,9.818778144,A10
dolly-v2-12b,8.930368602,A10
llama-7b-hf,8.085552491,A10
llama-13b-hf,6.634571188,A10
alpaca-lora-7b,8.752933434,A10
alpaca-13b,7.708321779,A10
text-curie-001,90.81345017,A10
text-babbage-001,130.0096945,A10
text-ada-001,139.4661169,A10
text-davinci-002,52.50628404,A10
text-davinci-003,15.0697337,A10
gpt-3.5-turbo,8.214232583,A10
gpt-4,5.503455204,A10
gpt2,111.8175723,A10
gpt2-medium,61.18239759,A10
gpt2-large,40.33359448,A10
gpt2-xl,30.97439227,A10
dolly-v2-3b,10.55937231,A10
dolly-v2-7b,9.756534506,A10
dolly-v2-12b,8.901210216,A10
llama-7b-hf,8.865829965,A10
llama-13b-hf,6.607568009,A10
alpaca-lora-7b,8.806751278,A10
alpaca-13b,8.350729322,A10
text-curie-001,92.33941191,A10
text-babbage-001,106.8929741,A10
text-ada-001,119.0080781,A10
text-davinci-002,53.71920293,A10
text-davinci-003,14.15198685,A10
gpt-3.5-turbo,7.81142119,A10
gpt-4,4.801764581,A10
gpt2,113.0472941,A10
gpt2-medium,60.88801585,A10
gpt2-large,40.66208659,A10
gpt2-xl,30.6253505,A10
dolly-v2-3b,11.0439063,A10
dolly-v2-7b,9.866655321,A10
dolly-v2-12b,8.955677045,A10
llama-7b-hf,8.584604222,A10
llama-13b-hf,6.493371522,A10
alpaca-lora-7b,8.894803115,A10
alpaca-13b,9.44443578,A10
text-curie-001,111.0803445,A10
text-babbage-001,112.3884872,A10
text-ada-001,132.8913914,A10
text-davinci-002,59.58425551,A10
text-davinci-003,13.29604554,A10
gpt-3.5-turbo,8.044108295,A10
gpt-4,5.759823546,A10
gpt2,113.0877367,A10
gpt2-medium,59.31377699,A10
gpt2-large,40.45502326,A10
gpt2-xl,30.62768118,A10
dolly-v2-3b,10.5512626,A10
dolly-v2-7b,10.83552771,A10
dolly-v2-12b,8.975635605,A10
llama-7b-hf,8.814042409,A10
llama-13b-hf,6.759712469,A10
alpaca-lora-7b,8.587735067,A10
alpaca-13b,7.742000699,A10
text-curie-001,94.18198053,A10
text-babbage-001,115.5017699,A10
text-ada-001,119.0999579,A10
text-davinci-002,59.07366147,A10
text-davinci-003,13.3091056,A10
gpt-3.5-turbo,7.985413347,A10
gpt-4,5.61015145,A10
gpt2,120.2008631,A10
gpt2-medium,60.24158414,A10
gpt2-large,41.60801229,A10
gpt2-xl,31.07920856,A10
dolly-v2-3b,11.24751327,A10
dolly-v2-7b,9.984177007,A10
dolly-v2-12b,8.944970992,A10
llama-7b-hf,8.533710513,A10
llama-13b-hf,6.642391851,A10
alpaca-lora-7b,8.480698983,A10
alpaca-13b,10.85022948,A10
text-curie-001,97.58876205,A10
text-babbage-001,132.7561334,A10
text-ada-001,118.1067875,A10
text-davinci-002,45.44167964,A10
text-davinci-003,16.01685199,A10
gpt-3.5-turbo,6.891744778,A10
gpt-4,4.853072707,A10
gpt2,110.8311186,A10
gpt2-medium,58.31369146,A10
gpt2-large,40.92837444,A10
gpt2-xl,30.64926,A10
dolly-v2-3b,11.44018695,A10
dolly-v2-7b,9.679765597,A10
dolly-v2-12b,8.973895996,A10
llama-7b-hf,8.508718365,A10
llama-13b-hf,6.566094004,A10
alpaca-lora-7b,8.857555772,A10
alpaca-13b,7.603714717,A10
text-curie-001,100.9828024,A10
text-babbage-001,133.8643487,A10
text-ada-001,87.34862815,A10
text-davinci-002,49.80646811,A10
text-davinci-003,15.71227072,A10
gpt-3.5-turbo,7.28861378,A10
gpt-4,4.327846039,A10
gpt2,124.3027269,A10
gpt2-medium,59.37922284,A10
gpt2-large,40.5585574,A10
gpt2-xl,31.03950984,A10
dolly-v2-3b,10.8992662,A10
dolly-v2-7b,9.659482274,A10
dolly-v2-12b,8.967015117,A10
llama-7b-hf,8.462296971,A10
llama-13b-hf,6.835297661,A10
alpaca-lora-7b,8.719418816,A10
alpaca-13b,7.891500384,A10
text-curie-001,99.52673686,A10
text-babbage-001,144.4478165,A10
text-ada-001,119.8066358,A10
text-davinci-002,52.97880057,A10
text-davinci-003,15.14770456,A10
gpt-3.5-turbo,3.813895551,A10
gpt-4,5.110926432,A10
gpt2,116.0865734,A10
gpt2-medium,59.82410765,A10
gpt2-large,40.78072289,A10
gpt2-xl,30.95219355,A10
dolly-v2-3b,11.09878334,A10
dolly-v2-7b,9.569738104,A10
dolly-v2-12b,8.766815045,A10
llama-7b-hf,8.624943029,A10
llama-13b-hf,6.538862595,A10
alpaca-lora-7b,8.688610639,A10
alpaca-13b,7.595858918,A10
text-curie-001,82.14976262,A10
text-babbage-001,139.2750288,A10
text-ada-001,133.0385853,A10
text-davinci-002,59.54940483,A10
text-davinci-003,12.54012833,A10
gpt-3.5-turbo,7.867366062,A10
gpt-4,5.15342375,A10
gpt2,111.447242,A10
gpt2-medium,58.61032558,A10
gpt2-large,39.60558965,A10
gpt2-xl,32.26056709,A10
dolly-v2-3b,10.48569528,A10
dolly-v2-7b,10.01655981,A10
dolly-v2-12b,9.003654686,A10
llama-7b-hf,8.257266484,A10
llama-13b-hf,6.693964393,A10
alpaca-lora-7b,8.651911452,A10
alpaca-13b,7.782591213,A10
text-curie-001,100.0376722,A10
text-babbage-001,93.43264549,A10
text-ada-001,133.5495749,A10
text-davinci-002,47.28059688,A10
text-davinci-003,11.15134731,A10
gpt-3.5-turbo,7.132786342,A10
gpt-4,4.751259044,A10
gpt2,110.8756807,A10
gpt2-medium,58.74443651,A10
gpt2-large,40.12640517,A10
gpt2-xl,30.26640748,A10
dolly-v2-3b,10.54921448,A10
dolly-v2-7b,9.981399494,A10
dolly-v2-12b,9.007337135,A10
llama-7b-hf,8.639693299,A10
llama-13b-hf,6.674227973,A10
alpaca-lora-7b,8.530810598,A10
alpaca-13b,6.438827005,A10
text-curie-001,90.59543369,A10
text-babbage-001,77.04763969,A10
text-ada-001,112.9159541,A10
text-davinci-002,67.26784178,A10
text-davinci-003,11.33504862,A10
gpt-3.5-turbo,6.36239194,A10
gpt-4,3.648934374,A10
gpt2,113.2202685,A10
gpt2-medium,59.73287666,A10
gpt2-large,40.72329499,A10
gpt2-xl,30.8787695,A10
dolly-v2-3b,11.01813913,A10
dolly-v2-7b,9.928694844,A10
dolly-v2-12b,8.988330457,A10
llama-7b-hf,8.680831334,A10
llama-13b-hf,6.669503299,A10
alpaca-lora-7b,8.837901631,A10
alpaca-13b,7.781486494,A10
text-curie-001,90.19949221,A10
text-babbage-001,121.1702161,A10
text-ada-001,126.0638224,A10
text-davinci-002,52.1898438,A10
text-davinci-003,10.52591295,A10
gpt-3.5-turbo,6.746513166,A10
gpt-4,4.557564808,A10
gpt2,112.5392324,A10
gpt2-medium,59.34026054,A10
gpt2-large,40.79528265,A10
gpt2-xl,30.94352227,A10
dolly-v2-3b,10.71264661,A10
dolly-v2-7b,9.888882299,A10
dolly-v2-12b,8.995912117,A10
llama-7b-hf,8.813515519,A10
llama-13b-hf,6.885639255,A10
alpaca-lora-7b,8.63445578,A10
alpaca-13b,8.024494967,A10
text-curie-001,99.84811908,A10
text-babbage-001,148.9973168,A10
text-ada-001,116.4279206,A10
text-davinci-002,50.44455903,A10
text-davinci-003,9.524890613,A10
gpt-3.5-turbo,6.910799352,A10
gpt-4,4.478968701,A10
gpt2,113.9982079,A10
gpt2-medium,59.93520988,A10
gpt2-large,40.87621432,A10
gpt2-xl,31.00247132,A10
dolly-v2-3b,11.70082615,A10
dolly-v2-7b,9.908936563,A10
dolly-v2-12b,9.006087392,A10
llama-7b-hf,8.547695488,A10
llama-13b-hf,6.389848947,A10
alpaca-lora-7b,8.624846937,A10
alpaca-13b,7.288299564,A10
text-curie-001,96.48852621,A10
text-babbage-001,133.4360539,A10
text-ada-001,111.6971914,A10
text-davinci-002,39.78946058,A10
text-davinci-003,10.56363471,A10
gpt-3.5-turbo,6.833726177,A10
gpt-4,4.654495601,A10
gpt2,112.3871553,A10
gpt2-medium,58.80296214,A10
gpt2-large,42.97738853,A10
gpt2-xl,30.42641558,A10
dolly-v2-3b,11.07870056,A10
dolly-v2-7b,9.820393571,A10
dolly-v2-12b,8.934255808,A10
llama-7b-hf,8.487974513,A10
llama-13b-hf,6.604906059,A10
alpaca-lora-7b,8.671132464,A10
alpaca-13b,10.20157279,A10
text-curie-001,81.24744728,A10
text-babbage-001,116.408243,A10
text-ada-001,119.1432288,A10
text-davinci-002,50.35364903,A10
text-davinci-003,11.97668431,A10
gpt-3.5-turbo,7.875411357,A10
gpt-4,3.37153545,A10
gpt2,116.6986761,A10
gpt2-medium,59.48982297,A10
gpt2-large,40.72049618,A10
gpt2-xl,30.67108828,A10
dolly-v2-3b,10.9115607,A10
dolly-v2-7b,9.972206717,A10
dolly-v2-12b,8.919606495,A10
llama-7b-hf,8.480474445,A10
llama-13b-hf,6.57973761,A10
alpaca-lora-7b,8.685016204,A10
alpaca-13b,11.68811821,A10
text-curie-001,95.15656079,A10
text-babbage-001,113.2636356,A10
text-ada-001,138.098953,A10
text-davinci-002,39.12159087,A10
text-davinci-003,11.93418796,A10
gpt-3.5-turbo,8.221910645,A10
gpt-4,5.247866955,A10
gpt2,112.5277125,A10
gpt2-medium,59.26156187,A10
gpt2-large,40.54647155,A10
gpt2-xl,30.74556938,A10
dolly-v2-3b,11.50074452,A10
dolly-v2-7b,9.955187768,A10
dolly-v2-12b,9.049909014,A10
llama-7b-hf,7.872265867,A10
llama-13b-hf,6.780583338,A10
alpaca-lora-7b,9.087952979,A10
alpaca-13b,7.99471741,A10
text-curie-001,99.87224204,A10
text-babbage-001,115.0364045,A10
text-ada-001,127.2414408,A10
text-davinci-002,52.7842757,A10
text-davinci-003,13.20264964,A10
gpt-3.5-turbo,8.154482272,A10
gpt-4,3.261732017,A10
gpt2,113.0383118,A10
gpt2-medium,59.66580969,A10
gpt2-large,40.76207318,A10
gpt2-xl,30.87533792,A10
dolly-v2-3b,10.73191829,A10
dolly-v2-7b,9.999195905,A10
dolly-v2-12b,8.918474979,A10
llama-7b-hf,8.737819229,A10
llama-13b-hf,6.693690779,A10
alpaca-lora-7b,8.791487064,A10
alpaca-13b,7.535595996,A10
text-curie-001,102.0203215,A10
text-babbage-001,127.7067122,A10
text-ada-001,121.7189399,A10
text-davinci-002,51.10313115,A10
text-davinci-003,10.76629524,A10
gpt-3.5-turbo,7.940371034,A10
gpt-4,3.93492781,A10
gpt2,111.5013172,A10
gpt2-medium,59.36147377,A10
gpt2-large,40.32656121,A10
gpt2-xl,30.48460447,A10
dolly-v2-3b,10.64037725,A10
dolly-v2-7b,10.02375954,A10
dolly-v2-12b,9.018936467,A10
llama-7b-hf,8.417815304,A10
llama-13b-hf,6.796894612,A10
alpaca-lora-7b,8.363296157,A10
alpaca-13b,7.739949611,A10
text-curie-001,80.68666744,A10
text-babbage-001,134.7320752,A10
text-ada-001,123.4391196,A10
text-davinci-002,43.28025204,A10
text-davinci-003,12.10017443,A10
gpt-3.5-turbo,8.131002333,A10
gpt-4,3.963190302,A10
gpt2,113.3580148,A10
gpt2-medium,60.18136118,A10
gpt2-large,40.66688842,A10
gpt2-xl,30.73943421,A10
dolly-v2-3b,10.95997307,A10
dolly-v2-7b,9.870646879,A10
dolly-v2-12b,8.905110958,A10
llama-7b-hf,8.549279842,A10
llama-13b-hf,6.732361529,A10
alpaca-lora-7b,8.598377408,A10
alpaca-13b,8.055224486,A10
text-curie-001,104.3301902,A10
text-babbage-001,116.707085,A10
text-ada-001,0.313271079,A10
text-davinci-002,48.68759843,A10
text-davinci-003,11.02658679,A10
gpt-3.5-turbo,8.388507229,A10
gpt-4,3.22517767,A10
gpt2,109.786965,A10
gpt2-medium,58.21813032,A10
gpt2-large,39.35349437,A10
gpt2-xl,29.93026131,A10
dolly-v2-3b,10.79096852,A10
dolly-v2-7b,9.669211735,A10
dolly-v2-12b,8.77208275,A10
llama-7b-hf,8.513508368,A10
llama-13b-hf,6.46167262,A10
alpaca-lora-7b,8.728993534,A10
alpaca-13b,9.461247416,A10
text-curie-001,105.3108033,A10
text-babbage-001,113.7766755,A10
text-ada-001,118.6935481,A10
text-davinci-002,58.5522887,A10
text-davinci-003,12.70320039,A10
gpt-3.5-turbo,9.434534707,A10
gpt-4,2.403855972,A10
